<?xml version="1.0" encoding="UTF-8"?>
<uptime xmlns:xsi="http://www.w3.org/2001/XMLSchema-instance" version="4.0" target_grouping="other">
	<class>Apache Tomcat</class>
	<exec>com.uptimesoftware.uptime.erdc.MonitorCustomScriptRunner</exec>
	<erdc_version>3.1</erdc_version>
    <category>Applications - Web Services</category>
    <category_related>Applications - All Types</category_related>
    <grid_info>
        <supported_versions>7.3,7.4,7.5,7.6,7.7</supported_versions>
        <supported_platforms>windows, linux</supported_platforms>
        <upgrade_in_place>true</upgrade_in_place>
        <requires_agent_scripts>false</requires_agent_scripts>
    </grid_info>
	<elements>
		<element name="process_windows" parameter_type="input" data_type="string" gui_basic="1" range_type="0" hidden="true">
			<control_options> size:40 </control_options>
			<default_value>plugins/scripts/MonitorApacheTomcat/tomcat.bat</default_value>
			<short_description>Script Name</short_description>
			<long_description>Name of the script/binary/process to be executed by up.time </long_description>
			<validation_rule>
				<alphanumeric/>
			</validation_rule>
			<error_message>
				<alphanumeric>required field</alphanumeric>
			</error_message>
			<gui_type>
				<string/>
			</gui_type>
		</element>
		<element name="process_linux" parameter_type="input" data_type="string" gui_basic="1" range_type="0" hidden="true">
			<control_options> size:40 </control_options>
			<default_value>plugins/scripts/MonitorApacheTomcat/tomcat.sh</default_value>
			<short_description>Script Name</short_description>
			<long_description>Name of the script/binary/process to be executed by up.time </long_description>
			<validation_rule>
				<alphanumeric/>
			</validation_rule>
			<error_message>
				<alphanumeric>required field</alphanumeric>
			</error_message>
			<gui_type>
				<string/>
			</gui_type>
		</element>
               <group name="group_ManagerUrl" switch="0">
                       <short_description/>
                       <long_description/>
                       <element name="ManagerUrl" parameter_type="input" data_type="string" gui_basic="1"
                               range_type="0" units="">
                               <control_options>size:20</control_options>
                               <default_value>/manager/status?XML=true</default_value>
                               <short_description>Manager URL</short_description>
                               <long_description>Enter the URL for your Tomcat manager/status servlet</long_description>
                               <validation_rule/>
                               <error_message/>
                               <gui_type>
                                      <string/>
                               </gui_type>
                       </element>
               </group>                
               <group name="group_ManagerPort" switch="0">
                       <short_description/>
                       <long_description/>
                       <element name="ManagerPort" parameter_type="input" data_type="integer" gui_basic="1"
                               range_type="0" units="">
                               <control_options>size:20</control_options>
                               <default_value>8080</default_value>
                               <short_description>Manager Port</short_description>
                               <long_description>Enter the port your Tomcat server is listening on for the manager/status servlet</long_description>
                               <validation_rule/>
                               <error_message/>
                               <gui_type>
                                      <integer/>
                               </gui_type>
                       </element>
               </group>                               
               <group name="group_ManagerUser" switch="0">
                       <short_description/>
                       <long_description/>
                       <element name="ManagerUser" parameter_type="input" data_type="string" gui_basic="1"
                               range_type="0" units="">
                               <control_options>size:20</control_options>
                               <default_value/>
                               <short_description>Manager User</short_description>
                               <long_description>Userid that has permission to access manager/status servlet</long_description>
                               <validation_rule/>
                               <error_message/>
                               <gui_type>
                                      <string/>
                               </gui_type>
                       </element>
               </group>                               
               <group name="group_ManagerPassword" switch="0">
                       <short_description/>
                       <long_description/>
                       <element name="ManagerPassword" parameter_type="input" data_type="string" gui_basic="1"
                               range_type="0" units="">
                               <control_options>size:20</control_options>
                               <default_value/>
                               <short_description>Manager Password</short_description>
                               <long_description>Password for Manager User defined above</long_description>
                               <validation_rule/>
                               <error_message/>
                               <gui_type>
                                      <string/>
                               </gui_type>
                       </element>
               </group>                                              
		<group name="group_free" switch="0">
			<short_description/>
			<long_description/>
			<element name="free" parameter_type="output" data_type="integer" gui_basic="1"
				range_type="0" units="bytes">
				<control_options>size:8</control_options>
				<default_value/>
				<default_comp_rule>4|4</default_comp_rule>
				<short_description>Free Memory</short_description>
				<long_description>Free JVM memory</long_description>
				<validation_rule/>
				<error_message/>
				<gui_type>
					<decimal/>
				</gui_type>
			</element>
		</group>
		<group name="group_max" switch="0">
			<short_description/>
			<long_description/>
			<element name="max" parameter_type="output" data_type="integer" gui_basic="1"
				range_type="0" units="bytes">
				<control_options>size:8</control_options>
				<default_value/>
				<default_comp_rule>4|4</default_comp_rule>
				<short_description>Max Memory</short_description>
				<long_description>Maximum JVM memory</long_description>
				<validation_rule/>
				<error_message/>
				<gui_type>
					<decimal/>
				</gui_type>
			</element>
		</group>   
		<group name="group_total" switch="0">
			<short_description/>
			<long_description/>
			<element name="total" parameter_type="output" data_type="integer" gui_basic="1"
				range_type="0" units="bytes">
				<control_options>size:8</control_options>
				<default_value/>
				<default_comp_rule>4|4</default_comp_rule>
				<short_description>Total Memory</short_description>
				<long_description>Total JVM memory</long_description>
				<validation_rule/>
				<error_message/>
				<gui_type>
					<decimal/>
				</gui_type>
			</element>
		</group>                
		<group name="group_currentThreadCount" switch="0">
			<short_description/>
			<long_description/>
			<element name="currentThreadCount" parameter_type="output" data_type="ranged" gui_basic="1"
				range_type="1" units="#">
				<control_options>size:8</control_options>
				<default_value/>
				<default_comp_rule>4|4</default_comp_rule>
				<short_description>Thread Count</short_description>
				<long_description>Current thread count for connector</long_description>
				<validation_rule/>
				<error_message/>
				<gui_type>
					<decimal/>
				</gui_type>
			</element>
		</group>
		<group name="group_currentThreadsBusy" switch="0">
			<short_description/>
			<long_description/>
			<element name="currentThreadsBusy" parameter_type="output" data_type="ranged" gui_basic="1"
				range_type="1" units="#">
				<control_options>size:8</control_options>
				<default_value/>
				<default_comp_rule>4|4</default_comp_rule>
				<short_description>Busy Threads</short_description>
				<long_description>Current busy thread count for connector</long_description>
				<validation_rule/>
				<error_message/>
				<gui_type>
					<decimal/>
				</gui_type>
			</element>
		</group>
		<group name="group_maxThreads" switch="0">
			<short_description/>
			<long_description/>
			<element name="maxThreads" parameter_type="output" data_type="ranged" gui_basic="1"
				range_type="1" units="#">
				<control_options>size:8</control_options>
				<default_value/>
				<default_comp_rule>4|4</default_comp_rule>
				<short_description>Max Threads</short_description>
				<long_description>Maximum # of threads for connector</long_description>
				<validation_rule/>
				<error_message/>
				<gui_type>
					<decimal/>
				</gui_type>
			</element>
		</group>                
		<group name="group_bytesReceived" switch="0">
			<short_description/>
			<long_description/>
			<element name="bytesReceived" parameter_type="output" data_type="ranged" gui_basic="1"
				range_type="1" units="bytes">
				<control_options>size:8</control_options>
				<default_value/>
				<default_comp_rule>4|4</default_comp_rule>
				<short_description>Bytes Received</short_description>
				<long_description>Number of bytes received by connector</long_description>
				<validation_rule/>
				<error_message/>
				<gui_type>
					<decimal/>
				</gui_type>
			</element>
		</group>
		<group name="group_bytesSent" switch="0">
			<short_description/>
			<long_description/>
			<element name="bytesSent" parameter_type="output" data_type="ranged" gui_basic="1"
				range_type="1" units="bytes">
				<control_options>size:8</control_options>
				<default_value/>
				<default_comp_rule>4|4</default_comp_rule>
				<short_description>Bytes Sent</short_description>
				<long_description>Number of bytes sent by connector</long_description>
				<validation_rule/>
				<error_message/>
				<gui_type>
					<decimal/>
				</gui_type>
			</element>
		</group>   
		<group name="group_errorCount" switch="0">
			<short_description/>
			<long_description/>
			<element name="errorCount" parameter_type="output" data_type="ranged" gui_basic="1"
				range_type="1" units="#">
				<control_options>size:8</control_options>
				<default_value/>
				<default_comp_rule>4|4</default_comp_rule>
				<short_description>Errors</short_description>
				<long_description>Number of errors for connector</long_description>
				<validation_rule/>
				<error_message/>
				<gui_type>
					<decimal/>
				</gui_type>
			</element>
		</group>            
		<group name="group_requestCount" switch="0">
			<short_description/>
			<long_description/>
			<element name="requestCount" parameter_type="output" data_type="ranged" gui_basic="1"
				range_type="1" units="#">
				<control_options>size:8</control_options>
				<default_value/>
				<default_comp_rule>4|4</default_comp_rule>
				<short_description>Request Count</short_description>
				<long_description>Number of requests for connector</long_description>
				<validation_rule/>
				<error_message/>
				<gui_type>
					<decimal/>
				</gui_type>
			</element>
		</group>                
		<group name="group_maxTime" switch="0">
			<short_description/>
			<long_description/>
			<element name="maxTime" parameter_type="output" data_type="ranged" gui_basic="1"
				range_type="1" units="ms">
				<control_options>size:8</control_options>
				<default_value/>
				<default_comp_rule>4|4</default_comp_rule>
				<short_description>Max Time</short_description>
				<long_description>Maximum request processing time for connector</long_description>
				<validation_rule/>
				<error_message/>
				<gui_type>
					<decimal/>
				</gui_type>
			</element>
		</group>                
		<group name="group_processingTime" switch="0">
			<short_description/>
			<long_description/>
			<element name="processingTime" parameter_type="output" data_type="ranged" gui_basic="1"
				range_type="1" units="ms">
				<control_options>size:8</control_options>
				<default_value/>
				<default_comp_rule>4|4</default_comp_rule>
				<short_description>Processing Time</short_description>
				<long_description>Processing time for connector</long_description>
				<validation_rule/>
				<error_message/>
				<gui_type>
					<decimal/>
				</gui_type>
			</element>
		</group>     
		<group name="group_pluginStatus" switch="0">
			<short_description/>
			<long_description/>
			<element name="pluginMessage" parameter_type="output" data_type="string" gui_basic="1"
				range_type="0" units="">
				<control_options>size:8</control_options>
				<default_value/>
				<default_comp_rule>4|4</default_comp_rule>
				<short_description>Plugin Status</short_description>
				<long_description>Returns any errors connecting or in plugin configuration</long_description>
				<validation_rule/>
				<error_message/>
				<gui_type>
					<string/>
				</gui_type>
			</element>
		</group>           
                <group name="timerresult" switch="0">
			<short_description/>
			<long_description/>
			<element name="timer" parameter_type="output" data_type="integer" gui_basic="0"
				range_type="1" units="ms">
				<control_options>size:8</control_options>
				<default_value>200|1000</default_value>
				<default_comp_rule>4|4</default_comp_rule>
				<short_description>Response time</short_description>
				<long_description>Response time in ms</long_description>
				<validation_rule/>
				<error_message/>
				<gui_type>
					<integer/>
				</gui_type>
			</element>
		</group>	
	</elements>
	<help>Monitors Apache Tomcat via the performance console.</help>
</uptime>
